USE BookManageOS
GO

INSERT into Press
VALUES('煤炭工业出版社','北京市朝阳区芍药居35号','010-84657840','陈昌'),
	('海豚出版社','北京市西城区百万庄大街24号5号楼3-4层','010-68996122','王磊'),
	('青岛出版社','山东省青岛市崂山区海尔路182号2号楼2001','0532-68068602','孟鸣飞'),
	('中国华侨出版社','北京市朝阳区河东路77号楼5号','010-64437510','刘凤珍'),
	('重庆出版社','重庆市南岸区南滨路162号1栋','023-61520646','李斌'),
	('百花文艺出版社','天津市和平区西康路35号','022-23332658','薛印胜'),
	('江苏凤凰美术出版社','江苏省南京市鼓楼区中央路165号凤凰广场c座','025-83280286','陈敏'),
	('天津人民出版社','天津市和平区西康路35号天津出版大厦5~6层','022-23332432','刘庆'),
	('北京十月文艺出版社','北京市西城区北三环中路6号','010-58572343','陈玉成'),
	('北京联合出版社','北京市朝阳区北京创业大厦b座702号','010-82065168','赵红仕'),
	('作家出版社','北京市朝阳区农展馆南里农展馆南里10号','010-65043484','路英勇'),
	('中国青年出版社','北京市东城区东四十条王家园胡同10号金泰商之苑58室','010-57350300','皮钧'),
	('新星出版社','北京市西城区车公庄大街丙3-1号丙3号楼','010-88310888','马汝军'),
	('北京大学出版社','北京市海淀区成府路205号','010-62752033','王明舟'),
	('南开大学出版社','天津市南开区卫津路92号天津大学第19教学楼东配楼','022-27405110','陈敬')
select *
from Press
go

INSERT into Books
VALUES('9787502062347','人间失格','太宰治','30.00 ','100','煤炭工业出版社'),
	('9787511037909','新月集英汉对照','泰戈尔','19.80 ','80','海豚出版社'),
	('9787534486579','增广 贤文','周希陶','49.80 ','120','江苏凤凰美术出版社'),
	('9787511356925','水浒传','施耐庵','59.00 ','150','中国华侨出版社'),
	('9787229029784','气场','（美）菲尔著，章岩译','28.00 ','80','重庆出版社'),
	('9787530679272','轻狂.2','巫哲','45.00 ','90','百花文艺出版社'),
	('9787534486364','曾国藩 挺经','曾国藩','49.80 ','90','江苏凤凰美术出版社'),
	('9787201118574','朝花夕拾','鲁迅','20.00 ','80','天津人民出版社'),
	('9787530221532','活着','余华','45.00 ','90','北京十月文艺出版社'),
	('9787547045060','生命从容 我心优雅-杨绛传','夏葳','36.00 ','60','北京联合出版社'),
	('9787506347341','废都(未删节版)','贾平凹','39.00 ','80','作家出版社'),
	('9787506394314','白鹿原','陈忠实','38.00 ','100','作家出版社'),
	('9787500601593','红岩','罗广斌','36.00 ','80','中国青年出版社'),
	('9787511378835','茶馆','老舍','36.00 ','150','中国华侨出版社'),
	('9787513349437','起初·纪年','王朔','108.00 ','100','新星出版社')
select *
from Books
go

INSERT INTO Department
VALUES(1,'行政部','84657840'),
	(2,'营业部','68996122'),
	(3,'销售部','68068602'),
	(4,'秘书室','64437510'),
	(5,'进口部','61520646'),
	(6,'出口部','23332658'),
	(7,'企划部','83280286'),
	(8,'人力资源部','23332432'),
	(9,'生产部','58572343'),
	(10,'人事部','82065168'),
	(11,'客服部','65043484'),
	(12,'总务部','57350300'),
	(13,'广告部','88310888'),
	(14,'采购部','62752033'),
	(15,'市场部','27405110')
select *
from Department
go

INSERT INTO Employee
VALUES('202001068426','李雨泽','男','2001-06-21',2),
	('201901060817','田浩宇','男','2000-10-31',7),
	('201801057856','王之凡','女','1999-07-17',13),
	('202001458748','汪泽洋','男','2001-04-23',6),
	('201701894515','李荣轩','男','1998-06-12',1),
	('201701894545','张德东','男','1998-09-14',1),
	('201901054789','张明杰','男','2000-03-21',3),
	('202001067812','陆志远','男','2001-09-12',10),
	('201701461265','刘雨兰','女','1998-12-30',11),
	('202001064578','刘元欣','女','2001-02-14',12),
	('201904613477','王瑞','男','2000-12-12',14),
	('201701662388','苏鑫','男','1997-03-25',15),
	('202001041259','李明轩','女','2001-07-03',8),
	('201901056874','王文浩','男','2000-09-04',9),
	('202001060122','田野','男','2001-03-04',5),
	('201801068793','张金鹏','男','1999-08-21',4)
select *
from Employee
go

INSERT INTO Borrow
VALUES('9787502062347','202001068426','2022-07-01','2022-10-01','2022-08-21'),
	('9787511037909','201901060817','2022-06-24','2022-09-24','2022-08-24'),
	('9787534486579','201801057856','2022-07-12','2022-10-12','2022-09-26'),
	('9787511356925','202001458748','2022-10-14','2022-12-14',NULL),
	('9787229029784','201701894515','2022-03-21','2022-06-21','2022-05-01'),
	('9787530679272','201901054789','2022-06-21','2022-09-21','2022-09-14'),
	('9787534486364','202001067812','2022-10-30','2022-11-30',NULL),
	('9787201118574','201701461265','2022-05-01','2022-08-01','2022-07-30'),
	('9787530221532','202001064578','2022-05-24','2022-08-24','2022-08-14'),
	('9787547045060','201904613477','2022-08-01','2022-12-01',NULL),
	('9787506347341','201701662388','2022-06-24','2022-09-24','2022-09-16'),
	('9787506394314','202001041259','2022-07-03','2022-10-03',NULL),
	('9787500601593','201901056874','2022-07-31','2022-10-31','2022-10-06'),
	('9787511378835','202001060122','2022-07-28','2022-10-28','2022-09-07'),
	('9787513349437','201801068793','2022-03-27','2022-06-27',NULL)
select *
from Borrow
go

